{"episode reward": -1567.187333925122, "_timestamp": 1673337750.312844, "_runtime": 8176.117599964142, "_step": 542}