{"episode reward": 245.00659201721496, "_timestamp": 1673331746.8444433, "_runtime": 2172.6491992473602, "_step": 194}