{"episode reward": 242.42191171906973, "_timestamp": 1673330091.8501203, "_runtime": 517.6548762321472, "_step": 60}