{"episode reward": -3038.1197285363924, "_timestamp": 1673336773.470617, "_runtime": 7199.275372982025, "_step": 496}