{"episode reward": 283.6892403475356, "_timestamp": 1673259350.3360162, "_runtime": 1750.366533279419, "_step": 217}