{"episode reward": -270.46551383838636, "_timestamp": 1673330292.0605128, "_runtime": 10.842285871505737, "_step": 0, "_wandb": {"runtime": 14}}